archive file name,Object,RV,RV_err
ADP.2020-11-02T11_15_54.747,CD -48 0245,328.93992984908243,0.09309863775943567
